assertion_id,passed,detail
A1,True,PASS: D0_CLEAN_CONTROL/seed=42: manifests saved before arm execution | PASS: D0_CLEAN_CONTROL/seed=99: manifests saved before arm execution | PASS: D0_CLEAN_CONTROL/seed=500: manifests saved before arm execution | PASS: D0_CLEAN_CONTROL/seed=777: manifests saved before arm execution
A2,True,PASS: D0_CLEAN_CONTROL/seed=42: task keys identical across arms | PASS: D0_CLEAN_CONTROL/seed=99: task keys identical across arms | PASS: D0_CLEAN_CONTROL/seed=500: task keys identical across arms | PASS: D0_CLEAN_CONTROL/seed=777: task keys identical across arms
A3,True,PASS: D0_CLEAN_CONTROL/seed=42: structural input contains no arm or route-outcome fields | PASS: D0_CLEAN_CONTROL/seed=99: structural input contains no arm or route-outcome fields | PASS: D0_CLEAN_CONTROL/seed=500: structural input contains no arm or route-outcome fields | PASS: D0_CLEAN_CONTROL/seed=777: structural input contains no arm or route-outcome fields
A4,True,PASS: D0_CLEAN_CONTROL/seed=42: onset and clear schedule identical across arms | PASS: D0_CLEAN_CONTROL/seed=99: onset and clear schedule identical across arms | PASS: D0_CLEAN_CONTROL/seed=500: onset and clear schedule identical across arms | PASS: D0_CLEAN_CONTROL/seed=777: onset and clear schedule identical across arms
A5,True,PASS: D0_CLEAN_CONTROL/seed=42: observer accepts structural_df only | PASS: D0_CLEAN_CONTROL/seed=99: observer accepts structural_df only | PASS: D0_CLEAN_CONTROL/seed=500: observer accepts structural_df only | PASS: D0_CLEAN_CONTROL/seed=777: observer accepts structural_df only
A6,True,PASS: D0_CLEAN_CONTROL/seed=42: evaluator labels absent from observer input | PASS: D0_CLEAN_CONTROL/seed=99: evaluator labels absent from observer input | PASS: D0_CLEAN_CONTROL/seed=500: evaluator labels absent from observer input | PASS: D0_CLEAN_CONTROL/seed=777: evaluator labels absent from observer input
A7,True,PASS: D0_CLEAN_CONTROL/seed=42: saved structural manifest replays to byte-identical shape records | PASS: D0_CLEAN_CONTROL/seed=99: saved structural manifest replays to byte-identical shape records | PASS: D0_CLEAN_CONTROL/seed=500: saved structural manifest replays to byte-identical shape records | PASS: D0_CLEAN_CONTROL/seed=777: saved structural manifest replays to byte-identical shape records
A8,True,PASS: D0_CLEAN_CONTROL/seed=42: no future-dated record used | PASS: D0_CLEAN_CONTROL/seed=99: no future-dated record used | PASS: D0_CLEAN_CONTROL/seed=500: no future-dated record used | PASS: D0_CLEAN_CONTROL/seed=777: no future-dated record used
A9,True,PASS: D0_CLEAN_CONTROL/seed=42: probe latency cannot source task latency | PASS: D0_CLEAN_CONTROL/seed=99: probe latency cannot source task latency | PASS: D0_CLEAN_CONTROL/seed=500: probe latency cannot source task latency | PASS: D0_CLEAN_CONTROL/seed=777: probe latency cannot source task latency
A10,True,PASS: D0_CLEAN_CONTROL/seed=42: integrity_score absent from gate | PASS: D0_CLEAN_CONTROL/seed=99: integrity_score absent from gate | PASS: D0_CLEAN_CONTROL/seed=500: integrity_score absent from gate | PASS: D0_CLEAN_CONTROL/seed=777: integrity_score absent from gate
A11,True,PASS: D0_CLEAN_CONTROL/seed=42: every shape-authorized task has valid verification/epoch/scope | PASS: D0_CLEAN_CONTROL/seed=99: every shape-authorized task has valid verification/epoch/scope | PASS: D0_CLEAN_CONTROL/seed=500: every shape-authorized task has valid verification/epoch/scope | PASS: D0_CLEAN_CONTROL/seed=777: every shape-authorized task has valid verification/epoch/scope
A12,True,PASS: D0_CLEAN_CONTROL/seed=42: active declared scope is GLOBAL except the explicit E6 fault interval | PASS: D0_CLEAN_CONTROL/seed=99: active declared scope is GLOBAL except the explicit E6 fault interval | PASS: D0_CLEAN_CONTROL/seed=500: active declared scope is GLOBAL except the explicit E6 fault interval | PASS: D0_CLEAN_CONTROL/seed=777: active declared scope is GLOBAL except the explicit E6 fault interval
A13,True,PASS: D0_CLEAN_CONTROL/seed=42: evidence invalidity remains UNKNOWN without structural-failure claims | PASS: D0_CLEAN_CONTROL/seed=99: evidence invalidity remains UNKNOWN without structural-failure claims | PASS: D0_CLEAN_CONTROL/seed=500: evidence invalidity remains UNKNOWN without structural-failure claims | PASS: D0_CLEAN_CONTROL/seed=777: evidence invalidity remains UNKNOWN without structural-failure claims
A14,True,PASS: D0_CLEAN_CONTROL/seed=42: evidence invalidity does not trigger reconstruction | PASS: D0_CLEAN_CONTROL/seed=99: evidence invalidity does not trigger reconstruction | PASS: D0_CLEAN_CONTROL/seed=500: evidence invalidity does not trigger reconstruction | PASS: D0_CLEAN_CONTROL/seed=777: evidence invalidity does not trigger reconstruction
A15,True,PASS: D0_CLEAN_CONTROL/seed=42: hard-revocation assertion not applicable | PASS: D0_CLEAN_CONTROL/seed=99: hard-revocation assertion not applicable | PASS: D0_CLEAN_CONTROL/seed=500: hard-revocation assertion not applicable | PASS: D0_CLEAN_CONTROL/seed=777: hard-revocation assertion not applicable
A16,True,PASS: D0_CLEAN_CONTROL/seed=42: hard-revocation counter assertion not applicable | PASS: D0_CLEAN_CONTROL/seed=99: hard-revocation counter assertion not applicable | PASS: D0_CLEAN_CONTROL/seed=500: hard-revocation counter assertion not applicable | PASS: D0_CLEAN_CONTROL/seed=777: hard-revocation counter assertion not applicable
A17,True,PASS: D0_CLEAN_CONTROL/seed=42: D1 assertion not applicable | PASS: D0_CLEAN_CONTROL/seed=99: D1 assertion not applicable | PASS: D0_CLEAN_CONTROL/seed=500: D1 assertion not applicable | PASS: D0_CLEAN_CONTROL/seed=777: D1 assertion not applicable
A18,True,PASS: D0_CLEAN_CONTROL/seed=42: persistent-soft assertion not applicable | PASS: D0_CLEAN_CONTROL/seed=99: persistent-soft assertion not applicable | PASS: D0_CLEAN_CONTROL/seed=500: persistent-soft assertion not applicable | PASS: D0_CLEAN_CONTROL/seed=777: persistent-soft assertion not applicable
A19,True,PASS: D0_CLEAN_CONTROL/seed=42: restoration requirement vacuously true before first non-admissible state | PASS: D0_CLEAN_CONTROL/seed=99: restoration requirement vacuously true before first non-admissible state | PASS: D0_CLEAN_CONTROL/seed=500: restoration requirement vacuously true before first non-admissible state | PASS: D0_CLEAN_CONTROL/seed=777: restoration requirement vacuously true before first non-admissible state
A20,True,PASS: D0_CLEAN_CONTROL/seed=42: new invalidity/degradation/failure resets K_RESTORE | PASS: D0_CLEAN_CONTROL/seed=99: new invalidity/degradation/failure resets K_RESTORE | PASS: D0_CLEAN_CONTROL/seed=500: new invalidity/degradation/failure resets K_RESTORE | PASS: D0_CLEAN_CONTROL/seed=777: new invalidity/degradation/failure resets K_RESTORE
A21,True,PASS: D0_CLEAN_CONTROL/seed=42: first_failed_invariant follows canonical order | PASS: D0_CLEAN_CONTROL/seed=99: first_failed_invariant follows canonical order | PASS: D0_CLEAN_CONTROL/seed=500: first_failed_invariant follows canonical order | PASS: D0_CLEAN_CONTROL/seed=777: first_failed_invariant follows canonical order
A22,True,PASS: D0_CLEAN_CONTROL/seed=42: primary matched keys identical | PASS: D0_CLEAN_CONTROL/seed=99: primary matched keys identical | PASS: D0_CLEAN_CONTROL/seed=500: primary matched keys identical | PASS: D0_CLEAN_CONTROL/seed=777: primary matched keys identical
A23,True,PASS: D0_CLEAN_CONTROL/seed=42: every reported eligible instance requalified before fixed onset | PASS: D0_CLEAN_CONTROL/seed=99: every reported eligible instance requalified before fixed onset | PASS: D0_CLEAN_CONTROL/seed=500: every reported eligible instance requalified before fixed onset | PASS: D0_CLEAN_CONTROL/seed=777: every reported eligible instance requalified before fixed onset
A24,True,PASS: D0_CLEAN_CONTROL/seed=42: C/D route state identical before first shape denial | PASS: D0_CLEAN_CONTROL/seed=99: C/D route state identical before first shape denial | PASS: D0_CLEAN_CONTROL/seed=500: C/D route state identical before first shape denial | PASS: D0_CLEAN_CONTROL/seed=777: C/D route state identical before first shape denial
A25,True,PASS: D0_CLEAN_CONTROL/seed=42: arm outcomes cannot mutate shared structural stream | PASS: D0_CLEAN_CONTROL/seed=99: arm outcomes cannot mutate shared structural stream | PASS: D0_CLEAN_CONTROL/seed=500: arm outcomes cannot mutate shared structural stream | PASS: D0_CLEAN_CONTROL/seed=777: arm outcomes cannot mutate shared structural stream
A26,True,PASS: verdict branch self-test 7/7
