scenario_id,seed,arch,tasks,bypasses,wrong_bypasses,fallbacks,fallback_rate,active_window_bypasses,active_window_wrong_bypasses,active_window_fallbacks,clean_window_tasks,clean_window_bypasses,clean_window_fallbacks,shape_denials,evidence_invalidity_denials,hard_failure_denials,soft_degradation_denials,restoring_denials,unnecessary_reconstruction_triggers
D0_CLEAN_CONTROL,42,A_FULL_ANALYSIS,6000,0,0,0,0.0,0,0,0,6000,0,0,0,0,0,0,0,0
D0_CLEAN_CONTROL,42,B_NAIVE_CACHE,6000,5442,32,558,0.093,0,0,0,6000,5442,558,0,0,0,0,0,0
D0_CLEAN_CONTROL,42,C_FLAT_BOUNDED,6000,5336,21,664,0.11066666666666666,0,0,0,6000,5336,664,0,0,0,0,0,0
D0_CLEAN_CONTROL,42,D_TETRAHEDRAL_GATE,6000,5336,21,664,0.11066666666666666,0,0,0,6000,5336,664,0,0,0,0,0,0
D0_CLEAN_CONTROL,99,A_FULL_ANALYSIS,6000,0,0,0,0.0,0,0,0,6000,0,0,0,0,0,0,0,0
D0_CLEAN_CONTROL,99,B_NAIVE_CACHE,6000,5429,38,571,0.09516666666666666,0,0,0,6000,5429,571,0,0,0,0,0,0
D0_CLEAN_CONTROL,99,C_FLAT_BOUNDED,6000,5339,31,661,0.11016666666666666,0,0,0,6000,5339,661,0,0,0,0,0,0
D0_CLEAN_CONTROL,99,D_TETRAHEDRAL_GATE,6000,5339,31,661,0.11016666666666666,0,0,0,6000,5339,661,0,0,0,0,0,0
D0_CLEAN_CONTROL,500,A_FULL_ANALYSIS,6000,0,0,0,0.0,0,0,0,6000,0,0,0,0,0,0,0,0
D0_CLEAN_CONTROL,500,B_NAIVE_CACHE,6000,5453,29,547,0.09116666666666666,0,0,0,6000,5453,547,0,0,0,0,0,0
D0_CLEAN_CONTROL,500,C_FLAT_BOUNDED,6000,5355,21,645,0.1075,0,0,0,6000,5355,645,0,0,0,0,0,0
D0_CLEAN_CONTROL,500,D_TETRAHEDRAL_GATE,6000,5355,21,645,0.1075,0,0,0,6000,5355,645,0,0,0,0,0,0
D0_CLEAN_CONTROL,777,A_FULL_ANALYSIS,6000,0,0,0,0.0,0,0,0,6000,0,0,0,0,0,0,0,0
D0_CLEAN_CONTROL,777,B_NAIVE_CACHE,6000,5432,30,568,0.09466666666666666,0,0,0,6000,5432,568,0,0,0,0,0,0
D0_CLEAN_CONTROL,777,C_FLAT_BOUNDED,6000,5348,24,652,0.10866666666666666,0,0,0,6000,5348,652,0,0,0,0,0,0
D0_CLEAN_CONTROL,777,D_TETRAHEDRAL_GATE,6000,5348,24,652,0.10866666666666666,0,0,0,6000,5348,652,0,0,0,0,0,0
D0_CLEAN_CONTROL,1337,A_FULL_ANALYSIS,6000,0,0,0,0.0,0,0,0,6000,0,0,0,0,0,0,0,0
D0_CLEAN_CONTROL,1337,B_NAIVE_CACHE,6000,5420,31,580,0.09666666666666666,0,0,0,6000,5420,580,0,0,0,0,0,0
D0_CLEAN_CONTROL,1337,C_FLAT_BOUNDED,6000,5319,24,681,0.1135,0,0,0,6000,5319,681,0,0,0,0,0,0
D0_CLEAN_CONTROL,1337,D_TETRAHEDRAL_GATE,6000,5319,24,681,0.1135,0,0,0,6000,5319,681,0,0,0,0,0,0
D1_TRANSIENT_SOFT_IMBALANCE,42,A_FULL_ANALYSIS,6000,0,0,0,0.0,0,0,0,5990,0,0,0,0,0,0,0,0
D1_TRANSIENT_SOFT_IMBALANCE,42,B_NAIVE_CACHE,6000,5432,28,568,0.09466666666666666,5,0,5,5990,5427,563,0,0,0,0,0,0
D1_TRANSIENT_SOFT_IMBALANCE,42,C_FLAT_BOUNDED,6000,5305,18,695,0.11583333333333333,5,0,5,5990,5300,690,0,0,0,0,0,0
D1_TRANSIENT_SOFT_IMBALANCE,42,D_TETRAHEDRAL_GATE,6000,5305,18,695,0.11583333333333333,5,0,5,5990,5300,690,0,0,0,0,0,0
D1_TRANSIENT_SOFT_IMBALANCE,99,A_FULL_ANALYSIS,6000,0,0,0,0.0,0,0,0,5990,0,0,0,0,0,0,0,0
D1_TRANSIENT_SOFT_IMBALANCE,99,B_NAIVE_CACHE,6000,5445,30,555,0.0925,10,0,0,5990,5435,555,0,0,0,0,0,0
D1_TRANSIENT_SOFT_IMBALANCE,99,C_FLAT_BOUNDED,6000,5375,28,625,0.10416666666666667,10,0,0,5990,5365,625,0,0,0,0,0,0
D1_TRANSIENT_SOFT_IMBALANCE,99,D_TETRAHEDRAL_GATE,6000,5375,28,625,0.10416666666666667,10,0,0,5990,5365,625,0,0,0,0,0,0
D1_TRANSIENT_SOFT_IMBALANCE,500,A_FULL_ANALYSIS,6000,0,0,0,0.0,0,0,0,5990,0,0,0,0,0,0,0,0
D1_TRANSIENT_SOFT_IMBALANCE,500,B_NAIVE_CACHE,6000,5439,25,561,0.0935,10,0,0,5990,5429,561,0,0,0,0,0,0
D1_TRANSIENT_SOFT_IMBALANCE,500,C_FLAT_BOUNDED,6000,5345,17,655,0.10916666666666666,10,0,0,5990,5335,655,0,0,0,0,0,0
D1_TRANSIENT_SOFT_IMBALANCE,500,D_TETRAHEDRAL_GATE,6000,5345,17,655,0.10916666666666666,10,0,0,5990,5335,655,0,0,0,0,0,0
D1_TRANSIENT_SOFT_IMBALANCE,777,A_FULL_ANALYSIS,6000,0,0,0,0.0,0,0,0,5990,0,0,0,0,0,0,0,0
D1_TRANSIENT_SOFT_IMBALANCE,777,B_NAIVE_CACHE,6000,5454,28,546,0.091,9,0,1,5990,5445,545,0,0,0,0,0,0
D1_TRANSIENT_SOFT_IMBALANCE,777,C_FLAT_BOUNDED,6000,5341,20,659,0.10983333333333334,9,0,1,5990,5332,658,0,0,0,0,0,0
D1_TRANSIENT_SOFT_IMBALANCE,777,D_TETRAHEDRAL_GATE,6000,5341,20,659,0.10983333333333334,9,0,1,5990,5332,658,0,0,0,0,0,0
D1_TRANSIENT_SOFT_IMBALANCE,1337,A_FULL_ANALYSIS,6000,0,0,0,0.0,0,0,0,5990,0,0,0,0,0,0,0,0
D1_TRANSIENT_SOFT_IMBALANCE,1337,B_NAIVE_CACHE,6000,5426,34,574,0.09566666666666666,8,0,2,5990,5418,572,0,0,0,0,0,0
D1_TRANSIENT_SOFT_IMBALANCE,1337,C_FLAT_BOUNDED,6000,5320,24,680,0.11333333333333333,8,0,2,5990,5312,678,0,0,0,0,0,0
D1_TRANSIENT_SOFT_IMBALANCE,1337,D_TETRAHEDRAL_GATE,6000,5320,24,680,0.11333333333333333,8,0,2,5990,5312,678,0,0,0,0,0,0
D2_PERSISTENT_SOFT_IMBALANCE,42,A_FULL_ANALYSIS,6000,0,0,0,0.0,0,0,0,5790,0,0,0,0,0,0,0,0
D2_PERSISTENT_SOFT_IMBALANCE,42,B_NAIVE_CACHE,6000,5030,43,970,0.16166666666666665,131,6,69,5790,4892,898,0,0,0,0,0,0
D2_PERSISTENT_SOFT_IMBALANCE,42,C_FLAT_BOUNDED,6000,4925,40,1075,0.17916666666666667,134,10,66,5790,4784,1006,0,0,0,0,0,0
D2_PERSISTENT_SOFT_IMBALANCE,42,D_TETRAHEDRAL_GATE,6000,4791,31,1209,0.2015,7,1,193,5790,4784,1006,200,0,0,190,10,0
D2_PERSISTENT_SOFT_IMBALANCE,99,A_FULL_ANALYSIS,6000,0,0,0,0.0,0,0,0,5790,0,0,0,0,0,0,0,0
D2_PERSISTENT_SOFT_IMBALANCE,99,B_NAIVE_CACHE,6000,4997,46,1003,0.16716666666666666,132,8,68,5790,4860,930,0,0,0,0,0,0
D2_PERSISTENT_SOFT_IMBALANCE,99,C_FLAT_BOUNDED,6000,4906,39,1094,0.18233333333333332,134,11,66,5790,4767,1023,0,0,0,0,0,0
D2_PERSISTENT_SOFT_IMBALANCE,99,D_TETRAHEDRAL_GATE,6000,4775,29,1225,0.20416666666666666,8,1,192,5790,4767,1023,200,0,0,190,10,0
D2_PERSISTENT_SOFT_IMBALANCE,500,A_FULL_ANALYSIS,6000,0,0,0,0.0,0,0,0,5790,0,0,0,0,0,0,0,0
D2_PERSISTENT_SOFT_IMBALANCE,500,B_NAIVE_CACHE,6000,5051,50,949,0.15816666666666668,134,10,66,5790,4909,881,0,0,0,0,0,0
D2_PERSISTENT_SOFT_IMBALANCE,500,C_FLAT_BOUNDED,6000,4966,46,1034,0.17233333333333334,133,12,67,5790,4825,965,0,0,0,0,0,0
D2_PERSISTENT_SOFT_IMBALANCE,500,D_TETRAHEDRAL_GATE,6000,4835,34,1165,0.19416666666666665,10,0,190,5790,4825,965,200,0,0,190,10,0
D2_PERSISTENT_SOFT_IMBALANCE,777,A_FULL_ANALYSIS,6000,0,0,0,0.0,0,0,0,5790,0,0,0,0,0,0,0,0
D2_PERSISTENT_SOFT_IMBALANCE,777,B_NAIVE_CACHE,6000,5056,45,944,0.15733333333333333,131,7,69,5790,4920,870,0,0,0,0,0,0
D2_PERSISTENT_SOFT_IMBALANCE,777,C_FLAT_BOUNDED,6000,4951,38,1049,0.17483333333333334,134,10,66,5790,4812,978,0,0,0,0,0,0
D2_PERSISTENT_SOFT_IMBALANCE,777,D_TETRAHEDRAL_GATE,6000,4823,31,1177,0.19616666666666666,7,2,193,5790,4816,974,200,0,0,190,10,0
D2_PERSISTENT_SOFT_IMBALANCE,1337,A_FULL_ANALYSIS,6000,0,0,0,0.0,0,0,0,5790,0,0,0,0,0,0,0,0
D2_PERSISTENT_SOFT_IMBALANCE,1337,B_NAIVE_CACHE,6000,5116,52,884,0.14733333333333334,143,9,57,5790,4965,825,0,0,0,0,0,0
D2_PERSISTENT_SOFT_IMBALANCE,1337,C_FLAT_BOUNDED,6000,5024,45,976,0.16266666666666665,146,11,54,5790,4870,920,0,0,0,0,0,0
D2_PERSISTENT_SOFT_IMBALANCE,1337,D_TETRAHEDRAL_GATE,6000,4880,33,1120,0.18666666666666668,9,0,191,5790,4871,919,200,0,0,190,10,0
D3_PERSISTENT_PROBE_LATENCY_SKEW,42,A_FULL_ANALYSIS,6000,0,0,0,0.0,0,0,0,5790,0,0,0,0,0,0,0,0
D3_PERSISTENT_PROBE_LATENCY_SKEW,42,B_NAIVE_CACHE,6000,5017,52,983,0.16383333333333333,128,7,72,5790,4884,906,0,0,0,0,0,0
D3_PERSISTENT_PROBE_LATENCY_SKEW,42,C_FLAT_BOUNDED,6000,4922,47,1078,0.17966666666666667,130,10,70,5790,4787,1003,0,0,0,0,0,0
D3_PERSISTENT_PROBE_LATENCY_SKEW,42,D_TETRAHEDRAL_GATE,6000,4797,39,1203,0.2005,10,2,190,5790,4787,1003,200,0,0,190,10,0
D3_PERSISTENT_PROBE_LATENCY_SKEW,99,A_FULL_ANALYSIS,6000,0,0,0,0.0,0,0,0,5790,0,0,0,0,0,0,0,0
D3_PERSISTENT_PROBE_LATENCY_SKEW,99,B_NAIVE_CACHE,6000,5024,51,976,0.16266666666666665,151,9,49,5790,4867,923,0,0,0,0,0,0
D3_PERSISTENT_PROBE_LATENCY_SKEW,99,C_FLAT_BOUNDED,6000,4951,51,1049,0.17483333333333334,152,11,48,5790,4794,996,0,0,0,0,0,0
D3_PERSISTENT_PROBE_LATENCY_SKEW,99,D_TETRAHEDRAL_GATE,6000,4801,41,1199,0.19983333333333334,7,1,193,5790,4794,996,200,0,0,190,10,0
D3_PERSISTENT_PROBE_LATENCY_SKEW,500,A_FULL_ANALYSIS,6000,0,0,0,0.0,0,0,0,5790,0,0,0,0,0,0,0,0
D3_PERSISTENT_PROBE_LATENCY_SKEW,500,B_NAIVE_CACHE,6000,5032,47,968,0.16133333333333333,122,10,78,5790,4903,887,0,0,0,0,0,0
D3_PERSISTENT_PROBE_LATENCY_SKEW,500,C_FLAT_BOUNDED,6000,4941,43,1059,0.1765,123,12,77,5790,4811,979,0,0,0,0,0,0
D3_PERSISTENT_PROBE_LATENCY_SKEW,500,D_TETRAHEDRAL_GATE,6000,4820,34,1180,0.19666666666666666,8,3,192,5790,4812,978,200,0,0,190,10,0
D3_PERSISTENT_PROBE_LATENCY_SKEW,777,A_FULL_ANALYSIS,6000,0,0,0,0.0,0,0,0,5790,0,0,0,0,0,0,0,0
D3_PERSISTENT_PROBE_LATENCY_SKEW,777,B_NAIVE_CACHE,6000,5030,52,970,0.16166666666666665,132,10,68,5790,4892,898,0,0,0,0,0,0
D3_PERSISTENT_PROBE_LATENCY_SKEW,777,C_FLAT_BOUNDED,6000,4936,51,1064,0.17733333333333334,131,12,69,5790,4799,991,0,0,0,0,0,0
D3_PERSISTENT_PROBE_LATENCY_SKEW,777,D_TETRAHEDRAL_GATE,6000,4807,40,1193,0.19883333333333333,8,1,192,5790,4799,991,200,0,0,190,10,0
D3_PERSISTENT_PROBE_LATENCY_SKEW,1337,A_FULL_ANALYSIS,6000,0,0,0,0.0,0,0,0,5790,0,0,0,0,0,0,0,0
D3_PERSISTENT_PROBE_LATENCY_SKEW,1337,B_NAIVE_CACHE,6000,5055,50,945,0.1575,130,10,70,5790,4919,871,0,0,0,0,0,0
D3_PERSISTENT_PROBE_LATENCY_SKEW,1337,C_FLAT_BOUNDED,6000,4962,46,1038,0.173,136,13,64,5790,4820,970,0,0,0,0,0,0
D3_PERSISTENT_PROBE_LATENCY_SKEW,1337,D_TETRAHEDRAL_GATE,6000,4832,36,1168,0.19466666666666665,8,3,192,5790,4824,966,200,0,0,190,10,0
D4_HARD_ROLE_ABSENCE,42,A_FULL_ANALYSIS,6000,0,0,0,0.0,0,0,0,5790,0,0,0,0,0,0,0,0
D4_HARD_ROLE_ABSENCE,42,B_NAIVE_CACHE,6000,5001,52,999,0.1665,131,9,69,5790,4863,927,0,0,0,0,0,0
D4_HARD_ROLE_ABSENCE,42,C_FLAT_BOUNDED,6000,4896,50,1104,0.184,134,12,66,5790,4755,1035,0,0,0,0,0,0
D4_HARD_ROLE_ABSENCE,42,D_TETRAHEDRAL_GATE,6000,4758,39,1242,0.207,0,0,200,5790,4758,1032,210,0,200,0,10,0
D4_HARD_ROLE_ABSENCE,99,A_FULL_ANALYSIS,6000,0,0,0,0.0,0,0,0,5790,0,0,0,0,0,0,0,0
D4_HARD_ROLE_ABSENCE,99,B_NAIVE_CACHE,6000,5043,52,957,0.1595,121,11,79,5790,4917,873,0,0,0,0,0,0
D4_HARD_ROLE_ABSENCE,99,C_FLAT_BOUNDED,6000,4952,52,1048,0.17466666666666666,127,15,73,5790,4820,970,0,0,0,0,0,0
D4_HARD_ROLE_ABSENCE,99,D_TETRAHEDRAL_GATE,6000,4820,37,1180,0.19666666666666666,0,0,200,5790,4820,970,210,0,200,0,10,0
D4_HARD_ROLE_ABSENCE,500,A_FULL_ANALYSIS,6000,0,0,0,0.0,0,0,0,5790,0,0,0,0,0,0,0,0
D4_HARD_ROLE_ABSENCE,500,B_NAIVE_CACHE,6000,5032,49,968,0.16133333333333333,133,7,67,5790,4893,897,0,0,0,0,0,0
D4_HARD_ROLE_ABSENCE,500,C_FLAT_BOUNDED,6000,4942,44,1058,0.17633333333333334,138,10,62,5790,4799,991,0,0,0,0,0,0
D4_HARD_ROLE_ABSENCE,500,D_TETRAHEDRAL_GATE,6000,4801,34,1199,0.19983333333333334,0,0,200,5790,4801,989,210,0,200,0,10,0
D4_HARD_ROLE_ABSENCE,777,A_FULL_ANALYSIS,6000,0,0,0,0.0,0,0,0,5790,0,0,0,0,0,0,0,0
D4_HARD_ROLE_ABSENCE,777,B_NAIVE_CACHE,6000,5069,50,931,0.15516666666666667,132,9,68,5790,4931,859,0,0,0,0,0,0
D4_HARD_ROLE_ABSENCE,777,C_FLAT_BOUNDED,6000,4968,41,1032,0.172,134,11,66,5790,4830,960,0,0,0,0,0,0
D4_HARD_ROLE_ABSENCE,777,D_TETRAHEDRAL_GATE,6000,4830,30,1170,0.195,0,0,200,5790,4830,960,210,0,200,0,10,0
D4_HARD_ROLE_ABSENCE,1337,A_FULL_ANALYSIS,6000,0,0,0,0.0,0,0,0,5790,0,0,0,0,0,0,0,0
D4_HARD_ROLE_ABSENCE,1337,B_NAIVE_CACHE,6000,5097,53,903,0.1505,137,13,63,5790,4953,837,0,0,0,0,0,0
D4_HARD_ROLE_ABSENCE,1337,C_FLAT_BOUNDED,6000,4999,53,1001,0.16683333333333333,135,14,65,5790,4857,933,0,0,0,0,0,0
D4_HARD_ROLE_ABSENCE,1337,D_TETRAHEDRAL_GATE,6000,4857,39,1143,0.1905,0,0,200,5790,4857,933,210,0,200,0,10,0
D5_HARD_ANGULAR_COMPRESSION,42,A_FULL_ANALYSIS,6000,0,0,0,0.0,0,0,0,5790,0,0,0,0,0,0,0,0
D5_HARD_ANGULAR_COMPRESSION,42,B_NAIVE_CACHE,6000,5026,55,974,0.16233333333333333,128,8,72,5790,4892,898,0,0,0,0,0,0
D5_HARD_ANGULAR_COMPRESSION,42,C_FLAT_BOUNDED,6000,4932,49,1068,0.178,132,12,68,5790,4794,996,0,0,0,0,0,0
D5_HARD_ANGULAR_COMPRESSION,42,D_TETRAHEDRAL_GATE,6000,4795,37,1205,0.20083333333333334,0,0,200,5790,4795,995,210,0,200,0,10,0
D5_HARD_ANGULAR_COMPRESSION,99,A_FULL_ANALYSIS,6000,0,0,0,0.0,0,0,0,5790,0,0,0,0,0,0,0,0
D5_HARD_ANGULAR_COMPRESSION,99,B_NAIVE_CACHE,6000,5009,51,991,0.16516666666666666,116,8,84,5790,4884,906,0,0,0,0,0,0
D5_HARD_ANGULAR_COMPRESSION,99,C_FLAT_BOUNDED,6000,4915,48,1085,0.18083333333333335,122,10,78,5790,4784,1006,0,0,0,0,0,0
D5_HARD_ANGULAR_COMPRESSION,99,D_TETRAHEDRAL_GATE,6000,4784,38,1216,0.20266666666666666,0,0,200,5790,4784,1006,210,0,200,0,10,0
D5_HARD_ANGULAR_COMPRESSION,500,A_FULL_ANALYSIS,6000,0,0,0,0.0,0,0,0,5790,0,0,0,0,0,0,0,0
D5_HARD_ANGULAR_COMPRESSION,500,B_NAIVE_CACHE,6000,5016,50,984,0.164,131,9,69,5790,4881,909,0,0,0,0,0,0
D5_HARD_ANGULAR_COMPRESSION,500,C_FLAT_BOUNDED,6000,4921,43,1079,0.17983333333333335,134,13,66,5790,4783,1007,0,0,0,0,0,0
D5_HARD_ANGULAR_COMPRESSION,500,D_TETRAHEDRAL_GATE,6000,4782,30,1218,0.203,0,0,200,5790,4782,1008,210,0,200,0,10,0
D5_HARD_ANGULAR_COMPRESSION,777,A_FULL_ANALYSIS,6000,0,0,0,0.0,0,0,0,5790,0,0,0,0,0,0,0,0
D5_HARD_ANGULAR_COMPRESSION,777,B_NAIVE_CACHE,6000,5036,57,964,0.16066666666666668,136,11,64,5790,4893,897,0,0,0,0,0,0
D5_HARD_ANGULAR_COMPRESSION,777,C_FLAT_BOUNDED,6000,4935,49,1065,0.1775,137,12,63,5790,4792,998,0,0,0,0,0,0
D5_HARD_ANGULAR_COMPRESSION,777,D_TETRAHEDRAL_GATE,6000,4792,37,1208,0.20133333333333334,0,0,200,5790,4792,998,210,0,200,0,10,0
D5_HARD_ANGULAR_COMPRESSION,1337,A_FULL_ANALYSIS,6000,0,0,0,0.0,0,0,0,5790,0,0,0,0,0,0,0,0
D5_HARD_ANGULAR_COMPRESSION,1337,B_NAIVE_CACHE,6000,5111,42,889,0.14816666666666667,145,7,55,5790,4960,830,0,0,0,0,0,0
D5_HARD_ANGULAR_COMPRESSION,1337,C_FLAT_BOUNDED,6000,5004,39,996,0.166,148,9,52,5790,4850,940,0,0,0,0,0,0
D5_HARD_ANGULAR_COMPRESSION,1337,D_TETRAHEDRAL_GATE,6000,4850,30,1150,0.19166666666666668,0,0,200,5790,4850,940,210,0,200,0,10,0
D6_HARD_COVERAGE_LOSS,42,A_FULL_ANALYSIS,6000,0,0,0,0.0,0,0,0,5790,0,0,0,0,0,0,0,0
D6_HARD_COVERAGE_LOSS,42,B_NAIVE_CACHE,6000,5006,49,994,0.16566666666666666,138,8,62,5790,4860,930,0,0,0,0,0,0
D6_HARD_COVERAGE_LOSS,42,C_FLAT_BOUNDED,6000,4904,44,1096,0.18266666666666667,141,11,59,5790,4755,1035,0,0,0,0,0,0
D6_HARD_COVERAGE_LOSS,42,D_TETRAHEDRAL_GATE,6000,4753,33,1247,0.20783333333333334,0,0,200,5790,4753,1037,210,0,200,0,10,0
D6_HARD_COVERAGE_LOSS,99,A_FULL_ANALYSIS,6000,0,0,0,0.0,0,0,0,5790,0,0,0,0,0,0,0,0
D6_HARD_COVERAGE_LOSS,99,B_NAIVE_CACHE,6000,5072,54,928,0.15466666666666667,126,11,74,5790,4937,853,0,0,0,0,0,0
D6_HARD_COVERAGE_LOSS,99,C_FLAT_BOUNDED,6000,4980,49,1020,0.17,125,13,75,5790,4848,942,0,0,0,0,0,0
D6_HARD_COVERAGE_LOSS,99,D_TETRAHEDRAL_GATE,6000,4849,36,1151,0.19183333333333333,0,0,200,5790,4849,941,210,0,200,0,10,0
D6_HARD_COVERAGE_LOSS,500,A_FULL_ANALYSIS,6000,0,0,0,0.0,0,0,0,5790,0,0,0,0,0,0,0,0
D6_HARD_COVERAGE_LOSS,500,B_NAIVE_CACHE,6000,4989,49,1011,0.1685,109,9,91,5790,4873,917,0,0,0,0,0,0
D6_HARD_COVERAGE_LOSS,500,C_FLAT_BOUNDED,6000,4903,50,1097,0.18283333333333332,115,14,85,5790,4782,1008,0,0,0,0,0,0
D6_HARD_COVERAGE_LOSS,500,D_TETRAHEDRAL_GATE,6000,4783,36,1217,0.20283333333333334,0,0,200,5790,4783,1007,210,0,200,0,10,0
D6_HARD_COVERAGE_LOSS,777,A_FULL_ANALYSIS,6000,0,0,0,0.0,0,0,0,5790,0,0,0,0,0,0,0,0
D6_HARD_COVERAGE_LOSS,777,B_NAIVE_CACHE,6000,4988,50,1012,0.16866666666666666,117,8,83,5790,4865,925,0,0,0,0,0,0
D6_HARD_COVERAGE_LOSS,777,C_FLAT_BOUNDED,6000,4905,45,1095,0.1825,120,11,80,5790,4780,1010,0,0,0,0,0,0
D6_HARD_COVERAGE_LOSS,777,D_TETRAHEDRAL_GATE,6000,4780,34,1220,0.20333333333333334,0,0,200,5790,4780,1010,210,0,200,0,10,0
D6_HARD_COVERAGE_LOSS,1337,A_FULL_ANALYSIS,6000,0,0,0,0.0,0,0,0,5790,0,0,0,0,0,0,0,0
D6_HARD_COVERAGE_LOSS,1337,B_NAIVE_CACHE,6000,5079,49,921,0.1535,131,11,69,5790,4944,846,0,0,0,0,0,0
D6_HARD_COVERAGE_LOSS,1337,C_FLAT_BOUNDED,6000,4983,46,1017,0.1695,134,14,66,5790,4845,945,0,0,0,0,0,0
D6_HARD_COVERAGE_LOSS,1337,D_TETRAHEDRAL_GATE,6000,4846,33,1154,0.19233333333333333,0,0,200,5790,4846,944,210,0,200,0,10,0
D7_HARD_COORDINATOR_OFFSET,42,A_FULL_ANALYSIS,6000,0,0,0,0.0,0,0,0,5790,0,0,0,0,0,0,0,0
D7_HARD_COORDINATOR_OFFSET,42,B_NAIVE_CACHE,6000,5010,48,990,0.165,132,8,68,5790,4873,917,0,0,0,0,0,0
D7_HARD_COORDINATOR_OFFSET,42,C_FLAT_BOUNDED,6000,4909,42,1091,0.18183333333333335,135,11,65,5790,4770,1020,0,0,0,0,0,0
D7_HARD_COORDINATOR_OFFSET,42,D_TETRAHEDRAL_GATE,6000,4771,31,1229,0.20483333333333334,0,0,200,5790,4771,1019,210,0,200,0,10,0
D7_HARD_COORDINATOR_OFFSET,99,A_FULL_ANALYSIS,6000,0,0,0,0.0,0,0,0,5790,0,0,0,0,0,0,0,0
D7_HARD_COORDINATOR_OFFSET,99,B_NAIVE_CACHE,6000,5030,52,970,0.16166666666666665,132,9,68,5790,4890,900,0,0,0,0,0,0
D7_HARD_COORDINATOR_OFFSET,99,C_FLAT_BOUNDED,6000,4917,45,1083,0.1805,132,12,68,5790,4777,1013,0,0,0,0,0,0
D7_HARD_COORDINATOR_OFFSET,99,D_TETRAHEDRAL_GATE,6000,4778,33,1222,0.20366666666666666,0,0,200,5790,4778,1012,210,0,200,0,10,0
D7_HARD_COORDINATOR_OFFSET,500,A_FULL_ANALYSIS,6000,0,0,0,0.0,0,0,0,5790,0,0,0,0,0,0,0,0
D7_HARD_COORDINATOR_OFFSET,500,B_NAIVE_CACHE,6000,5035,51,965,0.16083333333333333,137,10,63,5790,4893,897,0,0,0,0,0,0
D7_HARD_COORDINATOR_OFFSET,500,C_FLAT_BOUNDED,6000,4929,46,1071,0.1785,141,12,59,5790,4783,1007,0,0,0,0,0,0
D7_HARD_COORDINATOR_OFFSET,500,D_TETRAHEDRAL_GATE,6000,4783,34,1217,0.20283333333333334,0,0,200,5790,4783,1007,210,0,200,0,10,0
D7_HARD_COORDINATOR_OFFSET,777,A_FULL_ANALYSIS,6000,0,0,0,0.0,0,0,0,5790,0,0,0,0,0,0,0,0
D7_HARD_COORDINATOR_OFFSET,777,B_NAIVE_CACHE,6000,5027,48,973,0.16216666666666665,128,8,72,5790,4894,896,0,0,0,0,0,0
D7_HARD_COORDINATOR_OFFSET,777,C_FLAT_BOUNDED,6000,4942,43,1058,0.17633333333333334,133,11,67,5790,4804,986,0,0,0,0,0,0
D7_HARD_COORDINATOR_OFFSET,777,D_TETRAHEDRAL_GATE,6000,4804,30,1196,0.19933333333333333,0,0,200,5790,4804,986,210,0,200,0,10,0
D7_HARD_COORDINATOR_OFFSET,1337,A_FULL_ANALYSIS,6000,0,0,0,0.0,0,0,0,5790,0,0,0,0,0,0,0,0
D7_HARD_COORDINATOR_OFFSET,1337,B_NAIVE_CACHE,6000,5054,50,946,0.15766666666666668,129,7,71,5790,4921,869,0,0,0,0,0,0
D7_HARD_COORDINATOR_OFFSET,1337,C_FLAT_BOUNDED,6000,4957,38,1043,0.17383333333333334,132,9,68,5790,4821,969,0,0,0,0,0,0
D7_HARD_COORDINATOR_OFFSET,1337,D_TETRAHEDRAL_GATE,6000,4821,29,1179,0.1965,0,0,200,5790,4821,969,210,0,200,0,10,0
D8_HARD_ROLE_DOMINANCE,42,A_FULL_ANALYSIS,6000,0,0,0,0.0,0,0,0,5790,0,0,0,0,0,0,0,0
D8_HARD_ROLE_DOMINANCE,42,B_NAIVE_CACHE,6000,4989,52,1011,0.1685,120,10,80,5790,4865,925,0,0,0,0,0,0
D8_HARD_ROLE_DOMINANCE,42,C_FLAT_BOUNDED,6000,4903,44,1097,0.18283333333333332,122,12,78,5790,4777,1013,0,0,0,0,0,0
D8_HARD_ROLE_DOMINANCE,42,D_TETRAHEDRAL_GATE,6000,4777,33,1223,0.20383333333333334,0,0,200,5790,4777,1013,210,0,200,0,10,0
D8_HARD_ROLE_DOMINANCE,99,A_FULL_ANALYSIS,6000,0,0,0,0.0,0,0,0,5790,0,0,0,0,0,0,0,0
D8_HARD_ROLE_DOMINANCE,99,B_NAIVE_CACHE,6000,5062,47,938,0.15633333333333332,133,8,67,5790,4922,868,0,0,0,0,0,0
D8_HARD_ROLE_DOMINANCE,99,C_FLAT_BOUNDED,6000,4970,40,1030,0.17166666666666666,138,9,62,5790,4825,965,0,0,0,0,0,0
D8_HARD_ROLE_DOMINANCE,99,D_TETRAHEDRAL_GATE,6000,4825,31,1175,0.19583333333333333,0,0,200,5790,4825,965,210,0,200,0,10,0
D8_HARD_ROLE_DOMINANCE,500,A_FULL_ANALYSIS,6000,0,0,0,0.0,0,0,0,5790,0,0,0,0,0,0,0,0
D8_HARD_ROLE_DOMINANCE,500,B_NAIVE_CACHE,6000,5014,53,986,0.16433333333333333,118,9,82,5790,4889,901,0,0,0,0,0,0
D8_HARD_ROLE_DOMINANCE,500,C_FLAT_BOUNDED,6000,4930,47,1070,0.17833333333333334,119,10,81,5790,4804,986,0,0,0,0,0,0
D8_HARD_ROLE_DOMINANCE,500,D_TETRAHEDRAL_GATE,6000,4804,36,1196,0.19933333333333333,0,0,200,5790,4804,986,210,0,200,0,10,0
D8_HARD_ROLE_DOMINANCE,777,A_FULL_ANALYSIS,6000,0,0,0,0.0,0,0,0,5790,0,0,0,0,0,0,0,0
D8_HARD_ROLE_DOMINANCE,777,B_NAIVE_CACHE,6000,5072,47,928,0.15466666666666667,132,8,68,5790,4930,860,0,0,0,0,0,0
D8_HARD_ROLE_DOMINANCE,777,C_FLAT_BOUNDED,6000,4961,44,1039,0.17316666666666666,136,11,64,5790,4815,975,0,0,0,0,0,0
D8_HARD_ROLE_DOMINANCE,777,D_TETRAHEDRAL_GATE,6000,4815,33,1185,0.1975,0,0,200,5790,4815,975,210,0,200,0,10,0
D8_HARD_ROLE_DOMINANCE,1337,A_FULL_ANALYSIS,6000,0,0,0,0.0,0,0,0,5790,0,0,0,0,0,0,0,0
D8_HARD_ROLE_DOMINANCE,1337,B_NAIVE_CACHE,6000,5068,48,932,0.15533333333333332,121,12,79,5790,4942,848,0,0,0,0,0,0
D8_HARD_ROLE_DOMINANCE,1337,C_FLAT_BOUNDED,6000,4971,45,1029,0.1715,122,14,78,5790,4843,947,0,0,0,0,0,0
D8_HARD_ROLE_DOMINANCE,1337,D_TETRAHEDRAL_GATE,6000,4843,31,1157,0.19283333333333333,0,0,200,5790,4843,947,210,0,200,0,10,0
E1_MISSING_RECORD,42,A_FULL_ANALYSIS,6000,0,0,0,0.0,0,0,0,5965,0,0,0,0,0,0,0,0
E1_MISSING_RECORD,42,B_NAIVE_CACHE,6000,5455,27,545,0.09083333333333334,20,0,5,5965,5426,539,0,0,0,0,0,0
E1_MISSING_RECORD,42,C_FLAT_BOUNDED,6000,5359,21,641,0.10683333333333334,20,0,5,5965,5330,635,0,0,0,0,0,0
E1_MISSING_RECORD,42,D_TETRAHEDRAL_GATE,6000,5332,21,668,0.11133333333333334,2,0,23,5965,5330,635,33,23,0,0,10,0
E1_MISSING_RECORD,99,A_FULL_ANALYSIS,6000,0,0,0,0.0,0,0,0,5965,0,0,0,0,0,0,0,0
E1_MISSING_RECORD,99,B_NAIVE_CACHE,6000,5405,29,595,0.09916666666666667,22,0,3,5965,5375,590,0,0,0,0,0,0
E1_MISSING_RECORD,99,C_FLAT_BOUNDED,6000,5310,20,690,0.115,22,0,3,5965,5280,685,0,0,0,0,0,0
E1_MISSING_RECORD,99,D_TETRAHEDRAL_GATE,6000,5282,20,718,0.11966666666666667,2,0,23,5965,5280,685,33,23,0,0,10,0
E1_MISSING_RECORD,500,A_FULL_ANALYSIS,6000,0,0,0,0.0,0,0,0,5965,0,0,0,0,0,0,0,0
E1_MISSING_RECORD,500,B_NAIVE_CACHE,6000,5423,27,577,0.09616666666666666,22,0,3,5965,5392,573,0,0,0,0,0,0
E1_MISSING_RECORD,500,C_FLAT_BOUNDED,6000,5313,20,687,0.1145,22,0,3,5965,5282,683,0,0,0,0,0,0
E1_MISSING_RECORD,500,D_TETRAHEDRAL_GATE,6000,5284,20,716,0.11933333333333333,2,0,23,5965,5282,683,33,23,0,0,10,0
E1_MISSING_RECORD,777,A_FULL_ANALYSIS,6000,0,0,0,0.0,0,0,0,5965,0,0,0,0,0,0,0,0
E1_MISSING_RECORD,777,B_NAIVE_CACHE,6000,5425,30,575,0.09583333333333334,24,0,1,5965,5392,573,0,0,0,0,0,0
E1_MISSING_RECORD,777,C_FLAT_BOUNDED,6000,5321,20,679,0.11316666666666667,24,0,1,5965,5288,677,0,0,0,0,0,0
E1_MISSING_RECORD,777,D_TETRAHEDRAL_GATE,6000,5290,20,710,0.11833333333333333,2,0,23,5965,5288,677,33,23,0,0,10,0
E1_MISSING_RECORD,1337,A_FULL_ANALYSIS,6000,0,0,0,0.0,0,0,0,5965,0,0,0,0,0,0,0,0
E1_MISSING_RECORD,1337,B_NAIVE_CACHE,6000,5424,24,576,0.096,24,0,1,5965,5393,572,0,0,0,0,0,0
E1_MISSING_RECORD,1337,C_FLAT_BOUNDED,6000,5330,16,670,0.11166666666666666,24,0,1,5965,5299,666,0,0,0,0,0,0
E1_MISSING_RECORD,1337,D_TETRAHEDRAL_GATE,6000,5301,16,699,0.1165,2,0,23,5965,5299,666,33,23,0,0,10,0
E2_UNAUTHORIZED_SOURCE,42,A_FULL_ANALYSIS,6000,0,0,0,0.0,0,0,0,5965,0,0,0,0,0,0,0,0
E2_UNAUTHORIZED_SOURCE,42,B_NAIVE_CACHE,6000,5445,34,555,0.0925,21,0,4,5965,5416,549,0,0,0,0,0,0
E2_UNAUTHORIZED_SOURCE,42,C_FLAT_BOUNDED,6000,5334,25,666,0.111,21,0,4,5965,5305,660,0,0,0,0,0,0
E2_UNAUTHORIZED_SOURCE,42,D_TETRAHEDRAL_GATE,6000,5305,25,695,0.11583333333333333,0,0,25,5965,5305,660,35,25,0,0,10,0
E2_UNAUTHORIZED_SOURCE,99,A_FULL_ANALYSIS,6000,0,0,0,0.0,0,0,0,5965,0,0,0,0,0,0,0,0
E2_UNAUTHORIZED_SOURCE,99,B_NAIVE_CACHE,6000,5424,27,576,0.096,22,0,3,5965,5394,571,0,0,0,0,0,0
E2_UNAUTHORIZED_SOURCE,99,C_FLAT_BOUNDED,6000,5325,19,675,0.1125,22,0,3,5965,5295,670,0,0,0,0,0,0
E2_UNAUTHORIZED_SOURCE,99,D_TETRAHEDRAL_GATE,6000,5295,19,705,0.1175,0,0,25,5965,5295,670,35,25,0,0,10,0
E2_UNAUTHORIZED_SOURCE,500,A_FULL_ANALYSIS,6000,0,0,0,0.0,0,0,0,5965,0,0,0,0,0,0,0,0
E2_UNAUTHORIZED_SOURCE,500,B_NAIVE_CACHE,6000,5446,28,554,0.09233333333333334,24,0,1,5965,5413,552,0,0,0,0,0,0
E2_UNAUTHORIZED_SOURCE,500,C_FLAT_BOUNDED,6000,5341,21,659,0.10983333333333334,24,0,1,5965,5308,657,0,0,0,0,0,0
E2_UNAUTHORIZED_SOURCE,500,D_TETRAHEDRAL_GATE,6000,5308,21,692,0.11533333333333333,0,0,25,5965,5308,657,35,25,0,0,10,0
E2_UNAUTHORIZED_SOURCE,777,A_FULL_ANALYSIS,6000,0,0,0,0.0,0,0,0,5965,0,0,0,0,0,0,0,0
E2_UNAUTHORIZED_SOURCE,777,B_NAIVE_CACHE,6000,5459,30,541,0.09016666666666667,21,0,4,5965,5428,537,0,0,0,0,0,0
E2_UNAUTHORIZED_SOURCE,777,C_FLAT_BOUNDED,6000,5354,19,646,0.10766666666666666,21,0,4,5965,5323,642,0,0,0,0,0,0
E2_UNAUTHORIZED_SOURCE,777,D_TETRAHEDRAL_GATE,6000,5323,19,677,0.11283333333333333,0,0,25,5965,5323,642,35,25,0,0,10,0
E2_UNAUTHORIZED_SOURCE,1337,A_FULL_ANALYSIS,6000,0,0,0,0.0,0,0,0,5965,0,0,0,0,0,0,0,0
E2_UNAUTHORIZED_SOURCE,1337,B_NAIVE_CACHE,6000,5440,29,560,0.09333333333333334,25,0,0,5965,5406,559,0,0,0,0,0,0
E2_UNAUTHORIZED_SOURCE,1337,C_FLAT_BOUNDED,6000,5335,19,665,0.11083333333333334,25,0,0,5965,5301,664,0,0,0,0,0,0
E2_UNAUTHORIZED_SOURCE,1337,D_TETRAHEDRAL_GATE,6000,5301,19,699,0.1165,0,0,25,5965,5301,664,35,25,0,0,10,0
E3_FAILED_VERIFICATION,42,A_FULL_ANALYSIS,6000,0,0,0,0.0,0,0,0,5965,0,0,0,0,0,0,0,0
E3_FAILED_VERIFICATION,42,B_NAIVE_CACHE,6000,5436,26,564,0.094,22,0,3,5965,5406,559,0,0,0,0,0,0
E3_FAILED_VERIFICATION,42,C_FLAT_BOUNDED,6000,5328,20,672,0.112,22,0,3,5965,5298,667,0,0,0,0,0,0
E3_FAILED_VERIFICATION,42,D_TETRAHEDRAL_GATE,6000,5298,20,702,0.117,0,0,25,5965,5298,667,35,25,0,0,10,0
E3_FAILED_VERIFICATION,99,A_FULL_ANALYSIS,6000,0,0,0,0.0,0,0,0,5965,0,0,0,0,0,0,0,0
E3_FAILED_VERIFICATION,99,B_NAIVE_CACHE,6000,5451,28,549,0.0915,20,0,5,5965,5422,543,0,0,0,0,0,0
E3_FAILED_VERIFICATION,99,C_FLAT_BOUNDED,6000,5343,20,657,0.1095,20,0,5,5965,5314,651,0,0,0,0,0,0
E3_FAILED_VERIFICATION,99,D_TETRAHEDRAL_GATE,6000,5314,20,686,0.11433333333333333,0,0,25,5965,5314,651,35,25,0,0,10,0
E3_FAILED_VERIFICATION,500,A_FULL_ANALYSIS,6000,0,0,0,0.0,0,0,0,5965,0,0,0,0,0,0,0,0
E3_FAILED_VERIFICATION,500,B_NAIVE_CACHE,6000,5459,29,541,0.09016666666666667,22,0,3,5965,5427,538,0,0,0,0,0,0
E3_FAILED_VERIFICATION,500,C_FLAT_BOUNDED,6000,5367,20,633,0.1055,22,0,3,5965,5335,630,0,0,0,0,0,0
E3_FAILED_VERIFICATION,500,D_TETRAHEDRAL_GATE,6000,5335,20,665,0.11083333333333334,0,0,25,5965,5335,630,35,25,0,0,10,0
E3_FAILED_VERIFICATION,777,A_FULL_ANALYSIS,6000,0,0,0,0.0,0,0,0,5965,0,0,0,0,0,0,0,0
E3_FAILED_VERIFICATION,777,B_NAIVE_CACHE,6000,5460,28,540,0.09,20,0,5,5965,5430,535,0,0,0,0,0,0
E3_FAILED_VERIFICATION,777,C_FLAT_BOUNDED,6000,5353,18,647,0.10783333333333334,20,0,5,5965,5323,642,0,0,0,0,0,0
E3_FAILED_VERIFICATION,777,D_TETRAHEDRAL_GATE,6000,5323,18,677,0.11283333333333333,0,0,25,5965,5323,642,35,25,0,0,10,0
E3_FAILED_VERIFICATION,1337,A_FULL_ANALYSIS,6000,0,0,0,0.0,0,0,0,5965,0,0,0,0,0,0,0,0
E3_FAILED_VERIFICATION,1337,B_NAIVE_CACHE,6000,5460,25,540,0.09,22,0,3,5965,5428,537,0,0,0,0,0,0
E3_FAILED_VERIFICATION,1337,C_FLAT_BOUNDED,6000,5380,21,620,0.10333333333333333,22,0,3,5965,5348,617,0,0,0,0,0,0
E3_FAILED_VERIFICATION,1337,D_TETRAHEDRAL_GATE,6000,5348,21,652,0.10866666666666666,0,0,25,5965,5348,617,35,25,0,0,10,0
E4_STALE_TIMESTAMP,42,A_FULL_ANALYSIS,6000,0,0,0,0.0,0,0,0,5965,0,0,0,0,0,0,0,0
E4_STALE_TIMESTAMP,42,B_NAIVE_CACHE,6000,5412,26,588,0.098,22,0,3,5965,5381,584,0,0,0,0,0,0
E4_STALE_TIMESTAMP,42,C_FLAT_BOUNDED,6000,5315,20,685,0.11416666666666667,22,0,3,5965,5284,681,0,0,0,0,0,0
E4_STALE_TIMESTAMP,42,D_TETRAHEDRAL_GATE,6000,5284,20,716,0.11933333333333333,0,0,25,5965,5284,681,35,25,0,0,10,0
E4_STALE_TIMESTAMP,99,A_FULL_ANALYSIS,6000,0,0,0,0.0,0,0,0,5965,0,0,0,0,0,0,0,0
E4_STALE_TIMESTAMP,99,B_NAIVE_CACHE,6000,5415,32,585,0.0975,24,0,1,5965,5382,583,0,0,0,0,0,0
E4_STALE_TIMESTAMP,99,C_FLAT_BOUNDED,6000,5310,23,690,0.115,24,0,1,5965,5277,688,0,0,0,0,0,0
E4_STALE_TIMESTAMP,99,D_TETRAHEDRAL_GATE,6000,5277,23,723,0.1205,0,0,25,5965,5277,688,35,25,0,0,10,0
E4_STALE_TIMESTAMP,500,A_FULL_ANALYSIS,6000,0,0,0,0.0,0,0,0,5965,0,0,0,0,0,0,0,0
E4_STALE_TIMESTAMP,500,B_NAIVE_CACHE,6000,5435,26,565,0.09416666666666666,21,0,4,5965,5407,558,0,0,0,0,0,0
E4_STALE_TIMESTAMP,500,C_FLAT_BOUNDED,6000,5332,16,668,0.11133333333333334,21,0,4,5965,5304,661,0,0,0,0,0,0
E4_STALE_TIMESTAMP,500,D_TETRAHEDRAL_GATE,6000,5304,16,696,0.116,0,0,25,5965,5304,661,35,25,0,0,10,0
E4_STALE_TIMESTAMP,777,A_FULL_ANALYSIS,6000,0,0,0,0.0,0,0,0,5965,0,0,0,0,0,0,0,0
E4_STALE_TIMESTAMP,777,B_NAIVE_CACHE,6000,5439,34,561,0.0935,21,0,4,5965,5409,556,0,0,0,0,0,0
E4_STALE_TIMESTAMP,777,C_FLAT_BOUNDED,6000,5347,26,653,0.10883333333333334,21,0,4,5965,5317,648,0,0,0,0,0,0
E4_STALE_TIMESTAMP,777,D_TETRAHEDRAL_GATE,6000,5317,26,683,0.11383333333333333,0,0,25,5965,5317,648,35,25,0,0,10,0
E4_STALE_TIMESTAMP,1337,A_FULL_ANALYSIS,6000,0,0,0,0.0,0,0,0,5965,0,0,0,0,0,0,0,0
E4_STALE_TIMESTAMP,1337,B_NAIVE_CACHE,6000,5413,28,587,0.09783333333333333,21,0,4,5965,5384,581,0,0,0,0,0,0
E4_STALE_TIMESTAMP,1337,C_FLAT_BOUNDED,6000,5311,20,689,0.11483333333333333,21,0,4,5965,5282,683,0,0,0,0,0,0
E4_STALE_TIMESTAMP,1337,D_TETRAHEDRAL_GATE,6000,5282,20,718,0.11966666666666667,0,0,25,5965,5282,683,35,25,0,0,10,0
E5_EPOCH_MISMATCH,42,A_FULL_ANALYSIS,6000,0,0,0,0.0,0,0,0,5965,0,0,0,0,0,0,0,0
E5_EPOCH_MISMATCH,42,B_NAIVE_CACHE,6000,5420,28,580,0.09666666666666666,23,0,2,5965,5388,577,0,0,0,0,0,0
E5_EPOCH_MISMATCH,42,C_FLAT_BOUNDED,6000,5341,24,659,0.10983333333333334,23,0,2,5965,5309,656,0,0,0,0,0,0
E5_EPOCH_MISMATCH,42,D_TETRAHEDRAL_GATE,6000,5309,24,691,0.11516666666666667,0,0,25,5965,5309,656,35,25,0,0,10,0
E5_EPOCH_MISMATCH,99,A_FULL_ANALYSIS,6000,0,0,0,0.0,0,0,0,5965,0,0,0,0,0,0,0,0
E5_EPOCH_MISMATCH,99,B_NAIVE_CACHE,6000,5445,28,555,0.0925,21,0,4,5965,5415,550,0,0,0,0,0,0
E5_EPOCH_MISMATCH,99,C_FLAT_BOUNDED,6000,5332,19,668,0.11133333333333334,21,0,4,5965,5302,663,0,0,0,0,0,0
E5_EPOCH_MISMATCH,99,D_TETRAHEDRAL_GATE,6000,5302,19,698,0.11633333333333333,0,0,25,5965,5302,663,35,25,0,0,10,0
E5_EPOCH_MISMATCH,500,A_FULL_ANALYSIS,6000,0,0,0,0.0,0,0,0,5965,0,0,0,0,0,0,0,0
E5_EPOCH_MISMATCH,500,B_NAIVE_CACHE,6000,5454,29,546,0.091,21,0,4,5965,5424,541,0,0,0,0,0,0
E5_EPOCH_MISMATCH,500,C_FLAT_BOUNDED,6000,5343,19,657,0.1095,21,0,4,5965,5313,652,0,0,0,0,0,0
E5_EPOCH_MISMATCH,500,D_TETRAHEDRAL_GATE,6000,5313,19,687,0.1145,0,0,25,5965,5313,652,35,25,0,0,10,0
E5_EPOCH_MISMATCH,777,A_FULL_ANALYSIS,6000,0,0,0,0.0,0,0,0,5965,0,0,0,0,0,0,0,0
E5_EPOCH_MISMATCH,777,B_NAIVE_CACHE,6000,5419,23,581,0.09683333333333333,20,0,5,5965,5389,576,0,0,0,0,0,0
E5_EPOCH_MISMATCH,777,C_FLAT_BOUNDED,6000,5309,13,691,0.11516666666666667,20,0,5,5965,5279,686,0,0,0,0,0,0
E5_EPOCH_MISMATCH,777,D_TETRAHEDRAL_GATE,6000,5279,13,721,0.12016666666666667,0,0,25,5965,5279,686,35,25,0,0,10,0
E5_EPOCH_MISMATCH,1337,A_FULL_ANALYSIS,6000,0,0,0,0.0,0,0,0,5965,0,0,0,0,0,0,0,0
E5_EPOCH_MISMATCH,1337,B_NAIVE_CACHE,6000,5462,25,538,0.08966666666666667,21,0,4,5965,5431,534,0,0,0,0,0,0
E5_EPOCH_MISMATCH,1337,C_FLAT_BOUNDED,6000,5360,15,640,0.10666666666666667,21,0,4,5965,5329,636,0,0,0,0,0,0
E5_EPOCH_MISMATCH,1337,D_TETRAHEDRAL_GATE,6000,5329,15,671,0.11183333333333334,0,0,25,5965,5329,636,35,25,0,0,10,0
E6_SCOPE_MISMATCH,42,A_FULL_ANALYSIS,6000,0,0,0,0.0,0,0,0,5965,0,0,0,0,0,0,0,0
E6_SCOPE_MISMATCH,42,B_NAIVE_CACHE,6000,5413,30,587,0.09783333333333333,24,0,1,5965,5380,585,0,0,0,0,0,0
E6_SCOPE_MISMATCH,42,C_FLAT_BOUNDED,6000,5316,21,684,0.114,24,0,1,5965,5283,682,0,0,0,0,0,0
E6_SCOPE_MISMATCH,42,D_TETRAHEDRAL_GATE,6000,5283,21,717,0.1195,0,0,25,5965,5283,682,35,25,0,0,10,0
E6_SCOPE_MISMATCH,99,A_FULL_ANALYSIS,6000,0,0,0,0.0,0,0,0,5965,0,0,0,0,0,0,0,0
E6_SCOPE_MISMATCH,99,B_NAIVE_CACHE,6000,5458,29,542,0.09033333333333333,23,0,2,5965,5426,539,0,0,0,0,0,0
E6_SCOPE_MISMATCH,99,C_FLAT_BOUNDED,6000,5366,20,634,0.10566666666666667,23,0,2,5965,5334,631,0,0,0,0,0,0
E6_SCOPE_MISMATCH,99,D_TETRAHEDRAL_GATE,6000,5334,20,666,0.111,0,0,25,5965,5334,631,35,25,0,0,10,0
E6_SCOPE_MISMATCH,500,A_FULL_ANALYSIS,6000,0,0,0,0.0,0,0,0,5965,0,0,0,0,0,0,0,0
E6_SCOPE_MISMATCH,500,B_NAIVE_CACHE,6000,5446,25,554,0.09233333333333334,20,0,5,5965,5416,549,0,0,0,0,0,0
E6_SCOPE_MISMATCH,500,C_FLAT_BOUNDED,6000,5347,17,653,0.10883333333333334,20,0,5,5965,5317,648,0,0,0,0,0,0
E6_SCOPE_MISMATCH,500,D_TETRAHEDRAL_GATE,6000,5317,17,683,0.11383333333333333,0,0,25,5965,5317,648,35,25,0,0,10,0
E6_SCOPE_MISMATCH,777,A_FULL_ANALYSIS,6000,0,0,0,0.0,0,0,0,5965,0,0,0,0,0,0,0,0
E6_SCOPE_MISMATCH,777,B_NAIVE_CACHE,6000,5434,28,566,0.09433333333333334,18,0,7,5965,5406,559,0,0,0,0,0,0
E6_SCOPE_MISMATCH,777,C_FLAT_BOUNDED,6000,5311,20,689,0.11483333333333333,18,0,7,5965,5283,682,0,0,0,0,0,0
E6_SCOPE_MISMATCH,777,D_TETRAHEDRAL_GATE,6000,5283,20,717,0.1195,0,0,25,5965,5283,682,35,25,0,0,10,0
E6_SCOPE_MISMATCH,1337,A_FULL_ANALYSIS,6000,0,0,0,0.0,0,0,0,5965,0,0,0,0,0,0,0,0
E6_SCOPE_MISMATCH,1337,B_NAIVE_CACHE,6000,5460,30,540,0.09,21,0,4,5965,5431,534,0,0,0,0,0,0
E6_SCOPE_MISMATCH,1337,C_FLAT_BOUNDED,6000,5354,24,646,0.10766666666666666,21,0,4,5965,5325,640,0,0,0,0,0,0
E6_SCOPE_MISMATCH,1337,D_TETRAHEDRAL_GATE,6000,5325,24,675,0.1125,0,0,25,5965,5325,640,35,25,0,0,10,0
